Setting,800 psi,700 psi,600 psi,500 psi,400 psi
0,85.47449544,62.06498598,59.60268507,49.069509,48.44731468
