Setting,800 psi,700 psi,600 psi,400 psi
16,208.7698319,138.8520854,116.7228968,90.36757777
